year,candidate_type,province,no_sat,eligible_no,eligible_percentage,three_a_no,three_a_percentage,failed_all_no,failed_all_percentage
2021,School,Eastern,17025,11237,66.0,472,2.77,1521,8.93
2021,School,Uva,15852,10440,65.86,540,3.41,1305,8.23
2021,School,Northern,12388,8085,65.26,412,3.33,1269,10.24
2021,School,North Western,26807,17174,64.07,1048,3.91,2442,9.11
2021,School,Central,31069,19833,63.84,956,3.08,2799,9.01
2021,School,Western,62850,39788,63.31,3109,4.95,6025,9.59
2021,School,Sabaragamuwa,23396,14702,62.84,880,3.76,2386,10.2
2021,School,Southern,32436,20145,62.11,1430,4.41,3571,11.01
2021,School,North Central,14212,8542,60.1,466,3.28,1610,11.33
2021,All,Uva,18213,11862,65.13,577,3.17,1549,8.5
2021,All,Eastern,21466,13742,64.02,530,2.47,2047,9.54
2021,All,North Western,30865,19625,63.58,1118,3.62,2909,9.42
2021,All,Northern,14134,8986,63.58,424,3.0,1499,10.61
2021,All,Sabaragamuwa,26761,16837,62.92,962,3.59,2748,10.27
2021,All,Central,35821,22502,62.82,1022,2.85,3425,9.56
2021,All,Southern,37314,23381,62.66,1574,4.22,3998,10.71
2021,All,Western,71317,44425,62.29,3286,4.61,7309,10.25
2021,All,North Central,16791,10137,60.37,507,3.02,1868,11.13
2022,School,Eastern,16829,11553,68.65,635,3.77,1351,8.03
2022,School,Northern,11917,8114,68.09,406,3.41,1086,9.11
2022,School,Uva,16164,10705,66.23,497,3.07,1374,8.5
2022,School,North Western,26387,17122,64.89,1093,4.14,2454,9.3
2022,School,Western,61841,39619,64.07,3001,4.85,5877,9.5
2022,School,Sabaragamuwa,23392,14937,63.86,925,3.95,2389,10.21
2022,School,Central,30119,18914,62.8,913,3.03,2790,9.26
2022,School,Southern,31837,19941,62.63,1530,4.81,3627,11.39
2022,School,North Central,14311,8582,59.97,434,3.03,1838,12.84
2022,All,Northern,13183,8776,66.57,417,3.16,1262,9.57
2022,All,Eastern,20644,13656,66.15,690,3.34,1841,8.92
2022,All,Uva,18238,11908,65.29,528,2.9,1633,8.95
2022,All,North Western,29875,19164,64.15,1153,3.86,2937,9.83
2022,All,Sabaragamuwa,26397,16813,63.69,982,3.72,2732,10.35
2022,All,Southern,35733,22393,62.67,1606,4.49,4035,11.29
2022,All,Western,69190,43332,62.63,3114,4.5,7202,10.41
2022,All,Central,34191,21031,61.51,957,2.8,3387,9.91
2022,All,North Central,16482,9865,59.85,457,2.77,2129,12.92
2023,School,Northern,11868,8162,68.77,506,4.26,1148,9.67
2023,School,Western,58625,39693,67.71,3107,5.3,4996,8.52
2023,School,Eastern,16858,11409,67.68,546,3.24,1450,8.6
2023,School,Uva,16498,10957,66.41,512,3.1,1385,8.39
2023,School,Sabaragamuwa,23038,15246,66.18,855,3.71,2111,9.16
2023,School,North Western,25702,16976,66.05,1067,4.15,2395,9.32
2023,School,Southern,31725,20799,65.56,1788,5.64,3378,10.65
2023,School,Central,30366,19255,63.41,904,2.98,2915,9.6
2023,School,North Central,14377,8846,61.53,569,3.96,1792,12.46
2023,All,Northern,13172,8841,67.12,517,3.92,1350,10.25
2023,All,Eastern,21054,13827,65.67,620,2.94,1959,9.3
2023,All,Sabaragamuwa,27075,17659,65.22,911,3.36,2637,9.74
2023,All,Uva,19002,12359,65.04,544,2.86,1732,9.11
2023,All,Western,69358,45002,64.88,3277,4.72,7053,10.17
2023,All,Southern,36561,23702,64.83,1884,5.15,4030,11.02
2023,All,North Western,30468,19562,64.21,1153,3.78,3142,10.31
2023,All,Central,35625,21988,61.72,962,2.7,3858,10.83
2023,All,North Central,17298,10504,60.72,616,3.56,2209,12.77
2024,All,Uva,19666,12554,63.84,529,2.69,2036,10.35
2024,All,Eastern,23078,14675,63.59,642,2.78,2497,10.82
2024,School,Western,55157,38711,70.18,2931,5.31,4150,7.52
2024,School,North Western,24816,17211,69.35,935,3.77,1989,8.01
2024,School,Northern,12018,8133,67.67,472,3.93,1175,9.78
2024,School,Southern,30742,20665,67.22,1393,4.53,3037,9.88
2024,School,Sabaragamuwa,22548,15152,67.2,723,3.21,2091,9.27
2024,School,Eastern,17953,11982,66.74,585,3.26,1675,9.33
2024,School,Uva,16289,10639,65.31,486,2.98,1558,9.56
2024,School,Central,28900,18569,64.25,732,2.53,2871,9.93
2024,All,Central,35660,22013,61.73,812,2.28,4128,11.58
2024,All,North Central,17905,10937,61.08,446,2.49,2282,12.75
2024,All,Southern,36704,24128,65.74,1517,4.13,3998,10.89
2024,All,Sabaragamuwa,27585,18169,65.87,815,2.95,2798,10.14
2024,All,Western,69448,45758,65.89,3162,4.55,7063,10.17
2024,All,Northern,13506,8909,65.96,487,3.61,1399,10.36
2024,All,North Western,30809,20445,66.36,1048,3.4,3043,9.88
2024,School,North Central,14351,8902,62.03,399,2.78,1742,12.14
2025,School,North Western,23794,16294,68.48,801,3.37,1717,7.22
2025,School,Western,53275,36987,69.43,2328,4.37,3898,7.32
2025,School,Central,28681,18083,63.05,623,2.17,2687,9.37
2025,School,Uva,16239,10317,63.53,398,2.45,1482,9.13
2025,School,Sabaragamuwa,22629,14703,64.97,698,3.08,2023,8.94
2025,School,Southern,31777,20875,65.69,1153,3.63,3093,9.73
2025,School,Eastern,18099,11998,66.29,558,3.08,1576,8.71
2025,School,Northern,12540,8390,66.91,526,4.19,1241,9.9
2025,All,Northern,14099,9191,65.19,534,3.79,1505,10.67
2025,School,North Central,14379,8758,60.91,392,2.73,1584,11.02
2025,All,North Western,31851,20276,63.66,908,2.85,3225,10.13
2025,All,Sabaragamuwa,28385,17884,63.01,786,2.77,2996,10.55
2025,All,Eastern,23563,14810,62.85,637,2.7,2514,10.67
2025,All,Uva,20033,12179,60.79,446,2.23,2191,10.94
2025,All,Central,36211,21731,60.01,690,1.91,4236,11.7
2025,All,North Central,18535,10897,58.79,444,2.4,2364,12.75
2025,All,Western,70465,44931,63.76,2568,3.64,7534,10.69
2025,All,Southern,38668,24628,63.69,1287,3.33,4333,11.21
