year,subject_no,subject,no_sat,a_no,a_percentage,b_no,b_percentage,c_no,c_percentage,s_no,s_percentage,pass_no,pass_percentage,fail_no,fail_percentage
2021,22,Geography,50091,3982,7.95,6159,12.3,13703,27.36,14830,29.61,38674,77.21,11417,22.79
2021,23,Political Science,41825,3272,7.82,3791,9.06,10124,24.21,9846,23.54,27033,64.63,14792,35.37
2021,24,Logic & Scientific Method,8534,735,8.61,1220,14.3,2203,25.81,2420,28.36,6578,77.08,1956,22.92
2021,251,History of India,13156,866,6.58,1439,10.94,3960,30.1,3545,26.95,9810,74.57,3346,25.43
2021,252,History of Europe,5606,378,6.74,658,11.74,1786,31.86,1541,27.49,4363,77.83,1243,22.17
2021,253,History of Modern World,189,4,2.12,18,9.52,36,19.05,53,28.04,111,58.73,78,41.27
2021,28,Home Economics,6949,888,12.78,1946,28.0,3628,52.21,421,6.06,6883,99.05,66,0.95
2021,29,Communication & Media Studies,29313,1392,4.75,3010,10.27,7940,27.09,9930,33.88,22272,75.98,7041,24.02
2021,31,Business Statistics,921,39,4.23,96,10.42,266,28.88,317,34.42,718,77.96,203,22.04
2021,32,Business Studies,54437,7544,13.86,9395,17.26,15961,29.32,14619,26.85,47519,87.29,6918,12.71
2021,33,Accounting,56029,8454,15.09,5700,10.17,10691,19.08,17826,31.82,42671,76.16,13358,23.84
2021,41,Buddhism,1508,200,13.26,204,13.53,389,25.8,407,26.99,1200,79.58,308,20.42
2021,42,Hinduism,547,58,10.6,73,13.35,136,24.86,167,30.53,434,79.34,113,20.66
2021,43,Christianity,2251,822,36.52,414,18.39,592,26.3,330,14.66,2158,95.87,93,4.13
2021,44,Islam,7180,1362,18.97,1291,17.98,2008,27.97,1578,21.98,6239,86.89,941,13.11
2021,45,Buddhist Civilization,24554,2832,11.53,2879,11.73,5256,21.41,7631,31.08,18598,75.74,5956,24.26
2021,46,Hindu Civilization,4858,1032,21.24,886,18.24,1419,29.21,1138,23.43,4475,92.12,383,7.88
2021,47,Islamic Civilization,3318,662,19.95,602,18.14,862,25.98,706,21.28,2832,85.35,486,14.65
2021,48,Greek & Roman Civilization,278,53,19.06,56,20.14,66,23.74,41,14.75,216,77.7,62,22.3
2021,49,Christian Civilization,1321,291,22.03,227,17.18,320,24.22,306,23.16,1144,86.6,177,13.4
2021,51,Art,6101,502,8.23,712,11.67,1795,29.42,2180,35.73,5189,85.05,912,14.95
2021,52,Dancing (Indigenous),5767,1427,24.74,1185,20.55,1487,25.78,1093,18.95,5192,90.03,575,9.97
2021,53,Dancing (Bharatha),760,294,38.68,222,29.21,204,26.84,39,5.13,759,99.87,1,0.13
2021,54,Oriental Music,2581,552,21.39,494,19.14,706,27.35,534,20.69,2286,88.57,295,11.43
2021,55,Carnatic Music,1343,264,19.66,323,24.05,478,35.59,223,16.6,1288,95.9,55,4.1
2021,56,Western Music,76,28,36.84,20,26.32,16,21.05,9,11.84,73,96.05,3,3.95
2021,57,Drama & Theatre (Sinhala),2855,379,13.27,614,21.51,1052,36.85,635,22.24,2680,93.87,175,6.13
2021,58,Drama & Theatre (Tamil),1677,184,10.97,444,26.48,788,46.99,245,14.61,1661,99.05,16,0.95
2021,65,Engineering Technology,17834,369,2.07,2107,11.81,5340,29.94,7134,40.0,14950,83.83,2884,16.17
2021,66,Bio systems Technology,9408,353,3.75,1290,13.71,2447,26.01,3714,39.48,7804,82.95,1604,17.05
2021,67,Science for Technology,29840,977,3.27,3272,10.97,6159,20.64,14645,49.08,25053,83.96,4787,16.04
2021,71,Sinhala,61687,8747,14.18,12884,20.89,18911,30.66,15056,24.41,55598,90.13,6089,9.87
2021,72,Tamil,17845,810,4.54,2363,13.24,5573,31.23,6308,35.35,15054,84.36,2791,15.64
2021,73,English,1768,19,1.07,54,3.05,311,17.59,703,39.76,1087,61.48,681,38.52
2021,74,Pali,1214,165,13.59,175,14.42,341,28.09,410,33.77,1091,89.87,123,10.13
2021,75,Sanskrit,605,37,6.12,75,12.4,168,27.77,209,34.55,489,80.83,116,19.17
2021,78,Arabic,1971,487,24.71,462,23.44,556,28.21,307,15.58,1812,91.93,159,8.07
2021,81,French,1214,86,7.08,129,10.63,304,25.04,354,29.16,873,71.91,341,28.09
2021,82,German,377,18,4.77,28,7.43,96,25.46,94,24.93,236,62.6,141,37.4
2021,83,Russian,40,1,2.5,4,10.0,17,42.5,10,25.0,32,80.0,8,20.0
2021,84,Hindi,430,94,21.86,91,21.16,120,27.91,77,17.91,382,88.84,48,11.16
2021,86,Chinese,368,27,7.34,47,12.77,116,31.52,98,26.63,288,78.26,80,21.74
2021,87,Japanese,2202,226,10.26,202,9.17,463,21.03,458,20.8,1349,61.26,853,38.74
2021,21,Economics,60248,8345,13.85,6868,11.4,12882,21.38,16051,26.64,44146,73.27,16102,26.73
2021,20,Information & Communication Technology,35648,892,2.5,2454,6.88,11551,32.4,13507,37.89,28404,79.68,7244,20.32
2021,19,Bio Resource Technology,9,0,0.0,0,0.0,4,44.44,2,22.22,6,66.67,3,33.33
2021,18,Agro Technology,657,17,2.59,52,7.91,172,26.18,248,37.75,489,74.43,168,25.57
2021,17,Food Technology,125,4,3.2,8,6.4,38,30.4,39,31.2,89,71.2,36,28.8
2021,2,Chemistry,76851,5896,7.67,7438,9.68,17537,22.82,23250,30.25,54121,70.42,22730,29.58
2021,7,Mathematics,509,31,6.09,46,9.04,126,24.75,126,24.75,329,64.64,180,35.36
2021,1,Physics,76742,4712,6.14,5457,7.11,14243,18.56,27586,35.95,51998,67.76,24744,32.24
2021,13,General English,248262,17257,6.95,15657,6.31,31270,12.6,73419,29.57,137603,55.43,110659,44.57
2021,11,Higher Mathematics,8,1,12.5,2,25.0,1,12.5,0,0.0,4,50.0,4,50.0
2021,10,Combined Mathematics,39225,2451,6.25,3237,8.25,9536,24.31,9370,23.89,24594,62.7,14631,37.3
2021,9,Biology,42621,2160,5.07,3451,8.1,10301,24.17,13694,32.13,29606,69.46,13015,30.54
2021,8,Agricultural Science,18595,261,1.4,1259,6.77,4833,25.99,6834,36.75,13187,70.92,5408,29.08
2021,15,Mechanical Technology,13,0,0.0,0,0.0,5,38.46,5,38.46,10,76.92,3,23.08
2021,14,Civil Technology,73,0,0.0,2,2.74,18,24.66,32,43.84,52,71.23,21,28.77
2021,16,"Electrical, Electronic & Information Technology",15,0,0.0,2,13.33,3,20.0,5,33.33,10,66.67,5,33.33
2022,1,Physics,76642,3213,4.19,4794,6.26,15022,19.6,29467,38.45,52496,68.5,24146,31.5
2022,2,Chemistry,75612,6735,8.91,6384,8.44,16956,22.43,23763,31.43,53838,71.2,21774,28.8
2022,7,Mathematics,394,19,4.82,47,11.93,88,22.34,90,22.84,244,61.93,150,38.07
2022,8,Agricultural Science,15662,279,1.78,1034,6.6,4081,26.06,5777,36.89,11171,71.33,4491,28.67
2022,9,Biology,40700,2133,5.24,3177,7.81,9796,24.07,13262,32.58,28368,69.7,12332,30.3
2022,253,History of Modern World,136,9,6.62,16,11.76,22,16.18,26,19.12,73,53.68,63,46.32
2022,28,Home Economics,6344,618,9.74,1347,21.23,3317,52.29,995,15.68,6277,98.94,67,1.06
2022,29,Communication & Media Studies,27294,1367,5.01,2273,8.33,6389,23.41,9234,33.83,19263,70.58,8031,29.42
2022,31,Business statistics,761,46,6.04,70,9.2,226,29.7,247,32.46,589,77.4,172,22.6
2022,32,Business Studies,56544,6012,10.63,7520,13.3,17642,31.2,16312,28.85,47486,83.98,9058,16.02
2022,33,Accounting,59109,10292,17.41,6962,11.78,12389,20.96,15930,26.95,45573,77.1,13536,22.9
2022,41,Buddhism,1252,182,14.54,183,14.62,295,23.56,328,26.2,988,78.91,264,21.09
2022,42,Hinduism,504,84,16.67,75,14.88,149,29.56,121,24.01,429,85.12,75,14.88
2022,43,Christianity,1985,683,34.41,429,21.61,529,26.65,278,14.01,1919,96.68,66,3.32
2022,44,Islam,6940,1856,26.74,1282,18.47,1933,27.85,1334,19.22,6405,92.29,535,7.71
2022,45,Buddhist Civilization,22503,2317,10.3,2304,10.24,5999,26.66,5645,25.09,16265,72.28,6238,27.72
2022,46,Hindu Civilization,4664,843,18.07,863,18.5,1317,28.24,1077,23.09,4100,87.91,564,12.09
2022,47,Islamic Civilization,3291,583,17.71,671,20.39,984,29.9,709,21.54,2947,89.55,344,10.45
2022,48,Greek & Roman Civilization,230,47,20.43,37,16.09,46,20.0,48,20.87,178,77.39,52,22.61
2022,49,Christian Civilization,1282,249,19.42,202,15.76,357,27.85,339,26.44,1147,89.47,135,10.53
2022,51,Art,5609,544,9.7,778,13.87,1800,32.09,1918,34.2,5040,89.86,569,10.14
2022,52,Dancing (Indigenous),4772,958,20.08,1073,22.49,1383,28.98,915,19.17,4329,90.72,443,9.28
2022,53,Dancing (Bharatha),645,126,19.53,198,30.7,206,31.94,96,14.88,626,97.05,19,2.95
2022,54,Oriental Music,2270,381,16.78,440,19.38,621,27.36,525,23.13,1967,86.65,303,13.35
2022,55,Carnatic Music,1109,226,20.38,311,28.04,404,36.43,147,13.26,1088,98.11,21,1.89
2022,56,Western Music,79,15,18.99,22,27.85,29,36.71,9,11.39,75,94.94,4,5.06
2022,57,Drama & Theatre (Sinhala),2579,368,14.27,549,21.29,920,35.67,588,22.8,2425,94.03,154,5.97
2022,58,Drama & Theatre (Tamil),1679,197,11.73,438,26.09,793,47.23,241,14.35,1669,99.4,10,0.6
2022,59,Drama & Theatre (English),1,0,0.0,1,100.0,0,0.0,0,0.0,1,100.0,0,0.0
2022,65,Engineering Technology,16077,138,0.86,948,5.9,4691,29.18,7433,46.23,13210,82.17,2867,17.83
2022,66,Bio systems Technology,8104,296,3.65,1282,15.82,2156,26.6,3364,41.51,7098,87.59,1006,12.41
2022,67,Science for Technology,27352,957,3.5,2263,8.27,5886,21.52,12791,46.76,21897,80.06,5455,19.94
2022,71,Sinhala,55720,8024,14.4,10878,19.52,15823,28.4,14609,26.22,49334,88.54,6386,11.46
2022,72,Tamil,17002,1116,6.56,2891,17.0,6441,37.88,4795,28.2,15243,89.65,1759,10.35
2022,73,English,1600,19,1.19,59,3.69,264,16.5,640,40.0,982,61.38,618,38.63
2022,74,Pali,1103,134,12.15,150,13.6,311,28.2,369,33.45,964,87.4,139,12.6
2022,75,Sanskrit,572,34,5.94,62,10.84,173,30.24,192,33.57,461,80.59,111,19.41
2022,78,Arabic,1863,465,24.96,417,22.38,564,30.27,294,15.78,1740,93.4,123,6.6
2022,79,Malay,2,0,0.0,0,0.0,1,50.0,1,50.0,2,100.0,0,0.0
2022,81,French,1053,96,9.12,123,11.68,234,22.22,281,26.69,734,69.71,319,30.29
2022,82,German,257,16,6.23,35,13.62,51,19.84,72,28.02,174,67.7,83,32.3
2022,83,Russian,38,1,2.63,4,10.53,12,31.58,11,28.95,28,73.68,10,26.32
2022,84,Hindi,379,61,16.09,55,14.51,116,30.61,95,25.07,327,86.28,52,13.72
2022,86,Chinese,294,34,11.56,47,15.99,70,23.81,68,23.13,219,74.49,75,25.51
2022,87,Japanese,1859,176,9.47,162,8.71,397,21.36,450,24.21,1185,63.74,674,36.26
2022,19,Bio Resource Technology,15,0,0.0,0,0.0,4,26.67,6,40.0,10,66.67,5,33.33
2022,20,Information & Communication Technology,37600,1664,4.43,3461,9.2,11050,29.39,12425,33.05,28600,76.06,9000,23.94
2022,21,Economics,62599,8461,13.52,7694,12.29,15231,24.33,15338,24.5,46724,74.64,15875,25.36
2022,22,Geography,48723,4672,9.59,6588,13.52,13520,27.75,12893,26.46,37673,77.32,11050,22.68
2022,23,Political Science,38237,4410,11.53,3924,10.26,7884,20.62,9472,24.77,25690,67.19,12547,32.81
2022,24,Logic & Scientific Method,7392,951,12.87,1233,16.68,1975,26.72,1697,22.96,5856,79.22,1536,20.78
2022,251,History of India,11648,1229,10.55,1593,13.68,3176,27.27,2987,25.64,8985,77.14,2663,22.86
2022,252,History of Europe,5935,572,9.64,892,15.03,1775,29.91,1480,24.94,4719,79.51,1216,20.49
2022,10,Combined Mathematics,40133,2641,6.58,3372,8.4,10014,24.95,11274,28.09,27301,68.03,12832,31.97
2022,11,Higher Mathematics,4,1,25.0,0,0.0,0,0.0,0,0.0,1,25.0,3,75.0
2022,13,General English,240356,18014,7.49,15581,6.48,29929,12.45,67868,28.24,131392,54.67,108964,45.33
2022,14,Civil Technology,42,0,0.0,1,2.38,12,28.57,15,35.71,28,66.67,14,33.33
2022,15,Mechanical Technology,7,0,0.0,0,0.0,2,28.57,2,28.57,4,57.14,3,42.86
2022,16,"Electrical, Electronic & Information Technology",16,0,0.0,1,6.25,4,25.0,3,18.75,8,50.0,8,50.0
2022,17,Food Technology,100,2,2.0,3,3.0,23,23.0,27,27.0,55,55.0,45,45.0
2022,18,Agro Technology,394,1,0.25,8,2.03,112,28.43,152,38.58,273,69.29,121,30.71
2023,1,Physics,83970,4398,5.24,5251,6.25,15689,18.68,34987,41.67,60325,71.84,23645,28.16
2023,2,Chemistry,82869,7043,8.5,7530,9.09,18635,22.49,25090,30.28,58298,70.35,24571,29.65
2023,7,Mathematics,361,39,10.8,48,13.3,81,22.44,87,24.1,255,70.64,106,29.36
2023,8,Agricultural Science,15900,709,4.46,1731,10.89,4876,30.67,5482,34.48,12798,80.49,3102,19.51
2023,9,Biology,47763,2518,5.27,4244,8.89,11362,23.79,15094,31.6,33218,69.55,14545,30.45
2023,10,Combined Mathematics,40493,2967,7.33,3288,8.12,9971,24.62,10367,25.6,26593,65.67,13900,34.33
2023,11,Higher Mathematics,3,1,33.33,0,0.0,1,33.33,1,33.33,3,100.0,0,0.0
2023,13,General English,240034,20092,8.37,16391,6.83,31506,13.13,73855,30.77,141844,59.09,98190,40.91
2023,29,Communication & Media Studies,29597,2586,8.74,2841,9.6,5946,20.09,10807,36.51,22180,74.94,7417,25.06
2023,28,Home Economics,7269,659,9.07,1395,19.19,3863,53.14,1265,17.4,7182,98.8,87,1.2
2023,253,History of Modern World,159,10,6.29,11,6.92,32,20.13,32,20.13,85,53.46,74,46.54
2023,252,History of Europe,5510,604,10.96,816,14.81,1533,27.82,1408,25.55,4361,79.15,1149,20.85
2023,251,History of India,10815,1190,11.0,1392,12.87,2783,25.73,2831,26.18,8196,75.78,2619,24.22
2023,24,Logic & Scientific Method,6632,688,10.37,1120,16.89,1936,29.19,1508,22.74,5252,79.19,1380,20.81
2023,23,Political Science,37456,4209,11.24,4145,11.07,7685,20.52,10464,27.94,26503,70.76,10953,29.24
2023,22,Geography,48919,5056,10.34,7383,15.09,11306,23.11,13464,27.52,37209,76.06,11710,23.94
2023,21,Economics,60524,8289,13.7,6771,11.19,15177,25.08,15222,25.15,45459,75.11,15065,24.89
2023,20,Information & Communication Technology,37364,1407,3.77,3083,8.25,10558,28.26,13794,36.92,28842,77.19,8522,22.81
2023,19,Bio Resource Technology,6,0,0.0,1,16.67,0,0.0,3,50.0,4,66.67,2,33.33
2023,18,Agro Technology,394,2,0.51,10,2.54,127,32.23,151,38.32,290,73.6,104,26.4
2023,17,Food Technology,84,1,1.19,4,4.76,27,32.14,32,38.1,64,76.19,20,23.81
2023,16,"Electrical, Electronic & Information Technology",16,0,0.0,0,0.0,1,6.25,5,31.25,6,37.5,10,62.5
2023,15,Mechanical Technology,8,0,0.0,1,12.5,1,12.5,5,62.5,7,87.5,1,12.5
2023,14,Civil Technology,30,0,0.0,0,0.0,3,10.0,12,40.0,15,50.0,15,50.0
2023,31,Business statistics,681,60,8.81,69,10.13,174,25.55,219,32.16,522,76.65,159,23.35
2023,32,Business Studies,54733,5463,9.98,7563,13.82,16484,30.12,16040,29.31,45550,83.22,9183,16.78
2023,33,Accounting,56993,9637,16.91,7149,12.54,11936,20.94,15692,27.53,44414,77.93,12579,22.07
2023,41,Buddhism,1260,219,17.38,170,13.49,371,29.44,315,25.0,1075,85.32,185,14.68
2023,42,Hinduism,513,112,21.83,104,20.27,155,30.21,104,20.27,475,92.59,38,7.41
2023,43,Christianity,1998,434,21.72,339,16.97,709,35.49,411,20.57,1893,94.74,105,5.26
2023,44,Islam,7189,1950,27.12,1259,17.51,1941,27.0,1479,20.57,6629,92.21,560,7.79
2023,45,Buddhist Civilization,21447,3809,17.76,2739,12.77,5076,23.67,5445,25.39,17069,79.59,4378,20.41
2023,46,Hindu Civilization,4440,1144,25.77,799,18.0,1144,25.77,899,20.25,3986,89.77,454,10.23
2023,47,Islamic Civilization,3366,1082,32.14,640,19.01,752,22.34,573,17.02,3047,90.52,319,9.48
2023,48,Greek & Roman Civilization,236,46,19.49,28,11.86,53,22.46,48,20.34,175,74.15,61,25.85
2023,49,Christian Civilization,1283,299,23.3,202,15.74,308,24.01,329,25.64,1138,88.7,145,11.3
2023,51,Art,5606,455,8.12,734,13.09,1852,33.04,1910,34.07,4951,88.32,655,11.68
2023,52,Dancing (Indigenous),4873,823,16.89,970,19.91,1408,28.89,1044,21.42,4245,87.11,628,12.89
2023,53,Dancing (Bharatha),675,115,17.04,162,24.0,237,35.11,142,21.04,656,97.19,19,2.81
2023,54,Oriental Music,2077,621,29.9,412,19.84,516,24.84,345,16.61,1894,91.19,183,8.81
2023,82,German,289,35,12.11,28,9.69,70,24.22,73,25.26,206,71.28,83,28.72
2023,81,French,933,103,11.04,118,12.65,211,22.62,228,24.44,660,70.74,273,29.26
2023,79,Malay,4,3,75.0,0,0.0,0,0.0,0,0.0,3,75.0,1,25.0
2023,78,Arabic,1798,453,25.19,394,21.91,533,29.64,317,17.63,1697,94.38,101,5.62
2023,75,Sanskrit,586,48,8.19,82,13.99,165,28.16,206,35.15,501,85.49,85,14.51
2023,74,Pali,1130,128,11.33,165,14.6,318,28.14,363,32.12,974,86.19,156,13.81
2023,73,English,1499,3,0.2,37,2.47,287,19.15,610,40.69,937,62.51,562,37.49
2023,72,Tamil,18097,1602,8.85,3310,18.29,6143,33.94,4747,26.23,15802,87.32,2295,12.68
2023,71,Sinhala,51892,7769,14.97,11044,21.28,15169,29.23,11659,22.47,45641,87.95,6251,12.05
2023,67,Science for Technology,27855,976,3.5,2322,8.34,6074,21.81,13639,48.96,23011,82.61,4844,17.39
2023,66,Bio systems Technology,8218,146,1.78,1008,12.27,2679,32.6,3249,39.54,7082,86.18,1136,13.82
2023,65,Engineering Technology,17314,350,2.02,1260,7.28,4741,27.38,7876,45.49,14227,82.17,3087,17.83
2023,58,Drama & Theatre (Tamil),1376,110,7.99,332,24.13,696,50.58,222,16.13,1360,98.84,16,1.16
2023,57,Drama & Theatre (Sinhala),2375,226,9.52,477,20.08,891,37.52,606,25.52,2200,92.63,175,7.37
2023,56,Western Music,95,15,15.79,22,23.16,35,36.84,18,18.95,90,94.74,5,5.26
2023,55,Carnatic Music,1186,187,15.77,235,19.81,419,35.33,265,22.34,1106,93.25,80,6.75
2023,87,Japanese,2285,162,7.09,217,9.5,399,17.46,716,31.33,1494,65.38,791,34.62
2023,86,Chinese,366,80,21.86,58,15.85,102,27.87,68,18.58,308,84.15,58,15.85
2023,84,Hindi,314,17,5.41,29,9.24,90,28.66,119,37.9,255,81.21,59,18.79
2023,83,Russian,43,2,4.65,4,9.3,17,39.53,11,25.58,34,79.07,9,20.93
2023,88,Korean,434,93,21.43,56,12.9,81,18.66,77,17.74,307,70.74,127,29.26
2024,88,Korean,1100,69,6.27,73,6.64,215,19.55,254,23.09,611,55.55,489,44.45
2024,87,Japanese,4224,320,7.58,327,7.74,693,16.41,1314,31.11,2654,62.83,1570,37.17
2024,86,Chinese,299,37,12.37,44,14.72,62,20.74,97,32.44,240,80.27,59,19.73
2024,84,Hindi,313,28,8.95,41,13.1,70,22.36,109,34.82,248,79.23,65,20.77
2024,83,Russian,55,5,9.09,6,10.91,16,29.09,17,30.91,44,80.0,11,20.0
2024,82,German,373,39,10.46,41,10.99,68,18.23,103,27.61,251,67.29,122,32.71
2024,81,French,1153,252,21.86,180,15.61,263,22.81,210,18.21,905,78.49,248,21.51
2024,79,Malay,5,2,40.0,2,40.0,0,0.0,0,0.0,4,80.0,1,20.0
2024,78,Arabic,1641,600,36.56,327,19.93,420,25.59,217,13.22,1564,95.31,77,4.69
2024,75,Sanskrit,614,108,17.59,119,19.38,191,31.11,121,19.71,539,87.79,75,12.21
2024,74,Pali,1085,122,11.24,156,14.38,311,28.66,322,29.68,911,83.96,174,16.04
2024,73,English,1518,12,0.79,55,3.62,261,17.19,625,41.17,953,62.78,565,37.22
2024,72,Tamil,17003,1494,8.79,2838,16.69,5311,31.24,5168,30.39,14811,87.11,2192,12.89
2024,71,Sinhala,43316,5920,13.67,9415,21.74,13185,30.44,9441,21.8,37961,87.64,5355,12.36
2024,67,Science for Technology,30398,1061,3.49,2505,8.24,6607,21.73,14395,47.36,24568,80.82,5830,19.18
2024,66,Bio systems Technology,8461,323,3.82,1090,12.88,2718,32.12,3174,37.51,7305,86.34,1156,13.66
2024,43,Christianity,1725,554,32.12,315,18.26,456,26.43,303,17.57,1628,94.38,97,5.62
2024,42,Hinduism,549,98,17.85,95,17.3,156,28.42,124,22.59,473,86.16,76,13.84
2024,44,Islam,6612,2083,31.5,1145,17.32,1631,24.67,1129,17.08,5988,90.56,624,9.44
2024,45,Buddhist Civilization,18491,2624,14.19,2258,12.21,4391,23.75,4914,26.58,14187,76.72,4304,23.28
2024,48,Greek & Roman Civilization,208,25,12.02,36,17.31,46,22.12,51,24.52,158,75.96,50,24.04
2024,49,Christian Civilization,1222,246,20.13,198,16.2,317,25.94,290,23.73,1051,86.01,171,13.99
2024,46,Hindu Civilization,4254,741,17.42,712,16.74,1067,25.08,1080,25.39,3600,84.63,654,15.37
2024,47,Islamic Civilization,3098,843,27.21,635,20.5,786,25.37,547,17.66,2811,90.74,287,9.26
2024,53,Dancing (Bharatha),759,117,15.42,187,24.64,287,37.81,133,17.52,724,95.39,35,4.61
2024,54,Oriental Music,2076,400,19.27,394,18.98,565,27.22,437,21.05,1796,86.51,280,13.49
2024,55,Carnatic Music,1040,126,12.12,198,19.04,354,34.04,265,25.48,943,90.67,97,9.33
2024,56,Western Music,78,16,20.51,23,29.49,26,33.33,8,10.26,73,93.59,5,6.41
2024,57,Drama & Theatre (Sinhala),2400,228,9.5,408,17.0,885,36.88,703,29.29,2224,92.67,176,7.33
2024,58,Drama & Theatre (Tamil),1735,130,7.49,433,24.96,829,47.78,321,18.5,1713,98.73,22,1.27
2024,51,Art,4914,381,7.75,629,12.8,1491,30.34,1755,35.71,4256,86.61,658,13.39
2024,52,Dancing (Indigenous),5271,788,14.95,939,17.81,1402,26.6,1387,26.31,4516,85.68,755,14.32
2024,65,Engineering Technology,19392,294,1.52,1626,8.38,5278,27.22,8797,45.36,15995,82.48,3397,17.52
2024,59,Drama & Theatre (English),1,0,0.0,0,0.0,1,100.0,0,0.0,1,100.0,0,0.0
2024,20,Information & Communication Technology,50629,1888,3.73,5188,10.25,14705,29.04,17864,35.28,39645,78.3,10984,21.7
2024,21,Economics,57165,6603,11.55,8126,14.21,14238,24.91,14912,26.09,43879,76.76,13286,23.24
2024,24,Logic & Scientific Method,6010,671,11.16,1032,17.17,1704,28.35,1413,23.51,4820,80.2,1190,19.8
2024,251,History of India,8464,884,10.44,1147,13.55,2238,26.44,2279,26.93,6548,77.36,1916,22.64
2024,22,Geography,45889,4410,9.61,6462,14.08,11619,25.32,12643,27.55,35134,76.56,10755,23.44
2024,23,Political Science,33842,3414,10.09,3823,11.3,7186,21.23,8901,26.3,23324,68.92,10518,31.08
2024,28,Home Economics,8835,818,9.26,1745,19.75,3982,45.07,2178,24.65,8723,98.73,112,1.27
2024,29,Communication & Media Studies,32659,2545,7.79,3181,9.74,6698,20.51,10973,33.6,23397,71.64,9262,28.36
2024,31,Business statistics,469,34,7.25,52,11.09,124,26.44,165,35.18,375,79.96,94,20.04
2024,32,Business Studies,52472,4746,9.04,8075,15.39,15474,29.49,14950,28.49,43245,82.42,9227,17.58
2024,33,Accounting,56945,9721,17.07,6763,11.88,12520,21.99,15486,27.19,44490,78.13,12455,21.87
2024,41,Buddhism,1251,207,16.55,158,12.63,276,22.06,331,26.46,972,77.7,279,22.3
2024,252,History of Europe,4939,627,12.69,750,15.19,1338,27.09,1358,27.5,4073,82.47,866,17.53
2024,253,History of Modern World,105,5,4.76,8,7.62,19,18.1,28,26.67,60,57.14,45,42.86
2024,11,Higher Mathematics,4,0,0.0,1,25.0,0,0.0,1,25.0,2,50.0,2,50.0
2024,13,General English,236207,20473,8.67,16039,6.79,31312,13.26,68404,28.96,136228,57.67,99979,42.33
2024,1,Physics,91047,5527,6.07,5459,6.0,16474,18.09,37957,41.69,65417,71.85,25630,28.15
2024,2,Chemistry,88995,7859,8.83,8210,9.23,20128,22.62,28751,32.31,64948,72.98,24047,27.02
2024,7,Mathematics,360,34,9.44,41,11.39,92,25.56,92,25.56,259,71.94,101,28.06
2024,8,Agricultural Science,15011,611,4.07,1260,8.39,4127,27.49,5169,34.43,11167,74.39,3844,25.61
2024,9,Biology,53402,2819,5.28,4922,9.22,12561,23.52,17264,32.33,37566,70.35,15836,29.65
2024,10,Combined Mathematics,42249,3535,8.37,4107,9.72,9489,22.46,13100,31.01,30231,71.55,12018,28.45
2024,16,"Electrical, Electronic & Information Technology",26,0,0.0,0,0.0,2,7.69,10,38.46,12,46.15,14,53.85
2024,17,Food Technology,91,1,1.1,6,6.59,28,30.77,21,23.08,56,61.54,35,38.46
2024,14,Civil Technology,19,0,0.0,0,0.0,4,21.05,8,42.11,12,63.16,7,36.84
2024,15,Mechanical Technology,19,0,0.0,0,0.0,2,10.53,6,31.58,8,42.11,11,57.89
2024,18,Agro Technology,329,3,0.91,19,5.78,110,33.43,119,36.17,251,76.29,78,23.71
2024,19,Bio Resource Technology,15,0,0.0,1,6.67,2,13.33,8,53.33,11,73.33,4,26.67
2025,33,Accounting,59924,5660,9.45,7641,12.75,12636,21.09,19196,32.03,45133,75.32,14791,24.68
2025,32,Business Studies,54502,5561,10.2,8081,14.83,14914,27.36,17759,32.58,46315,84.98,8187,15.02
2025,58,Drama & Theatre (Tamil),1539,153,9.94,470,30.54,730,47.43,178,11.57,1531,99.48,8,0.52
2025,65,Engineering Technology,19943,160,0.8,1409,7.07,5989,30.03,8564,42.94,16122,80.84,3821,19.16
2025,66,Bio systems Technology,8617,283,3.28,1384,16.06,2583,29.98,3282,38.09,7532,87.41,1085,12.59
2025,67,Science for Technology,31130,807,2.59,2271,7.3,7081,22.75,14790,47.51,24949,80.14,6181,19.86
2025,71,Sinhala,39421,6022,15.28,9110,23.11,11978,30.38,7831,19.87,34941,88.64,4480,11.36
2025,72,Tamil,16393,1604,9.78,3428,20.91,5569,33.97,4065,24.8,14666,89.47,1727,10.53
2025,73,English,1633,13,0.8,92,5.63,309,18.92,664,40.66,1078,66.01,555,33.99
2025,74,Pali,1092,110,10.07,176,16.12,296,27.11,347,31.78,929,85.07,163,14.93
2025,75,Sanskrit,629,46,7.31,89,14.15,188,29.89,197,31.32,520,82.67,109,17.33
2025,78,Arabic,1776,379,21.34,413,23.25,532,29.95,290,16.33,1614,90.88,162,9.12
2025,79,Malay,11,3,27.27,2,18.18,6,54.55,0,0.0,11,100.0,0,0.0
2025,81,French,1221,139,11.38,142,11.63,259,21.21,312,25.55,852,69.78,369,30.22
2025,82,German,453,49,10.82,53,11.7,112,24.72,117,25.83,331,73.07,122,26.93
2025,83,Russian,44,2,4.55,5,11.36,15,34.09,14,31.82,36,81.82,8,18.18
2025,84,Hindi,285,18,6.32,32,11.23,78,27.37,98,34.39,226,79.3,59,20.7
2025,86,Chinese,317,26,8.2,29,9.15,71,22.4,116,36.59,242,76.34,75,23.66
2025,41,Buddhism,1383,224,16.2,141,10.2,322,23.28,347,25.09,1034,74.77,349,25.23
2025,42,Hinduism,574,173,30.14,103,17.94,131,22.82,119,20.73,526,91.64,48,8.36
2025,43,Christianity,1652,316,19.13,296,17.92,505,30.57,393,23.79,1510,91.4,142,8.6
2025,44,Islam,6558,1415,21.58,1224,18.66,1918,29.25,1386,21.13,5943,90.62,615,9.38
2025,45,Buddhist Civilization,16630,2607,15.68,2158,12.98,4181,25.14,3791,22.8,12737,76.59,3893,23.41
2025,46,Hindu Civilization,4212,788,18.71,669,15.88,1079,25.62,1009,23.96,3545,84.16,667,15.84
2025,47,Islamic Civilization,3065,445,14.52,610,19.9,1044,34.06,696,22.71,2795,91.19,270,8.81
2025,48,Greek & Roman Civilization,133,15,11.28,21,15.79,32,24.06,33,24.81,101,75.94,32,24.06
2025,49,Christian Civilization,1190,231,19.41,168,14.12,280,23.53,320,26.89,999,83.95,191,16.05
2025,51,Art,5236,434,8.29,758,14.48,1705,32.56,1792,34.22,4689,89.55,547,10.45
2025,52,Dancing (Indigenous),5243,816,15.56,905,17.26,1425,27.18,1184,22.58,4330,82.59,913,17.41
2025,53,Dancing (Bharatha),711,144,20.25,195,27.43,264,37.13,102,14.35,705,99.16,6,0.84
2025,54,Oriental Music,2007,477,23.77,402,20.03,524,26.11,357,17.79,1760,87.69,247,12.31
2025,55,Carnatic Music,1098,126,11.48,191,17.4,381,34.7,295,26.87,993,90.44,105,9.56
2025,56,Western Music,58,10,17.24,10,17.24,19,32.76,15,25.86,54,93.1,4,6.9
2025,57,Drama & Theatre (Sinhala),2569,230,8.95,451,17.56,986,38.38,705,27.44,2372,92.33,197,7.67
2025,17,Food Technology,97,2,2.06,7,7.22,29,29.9,32,32.99,70,72.16,27,27.84
2025,18,Agro Technology,359,5,1.39,20,5.57,128,35.65,121,33.7,274,76.32,85,23.68
2025,19,Bio Resource Technology,32,0,0.0,0,0.0,7,21.88,13,40.63,20,62.5,12,37.5
2025,20,Information & Communication Technology,56538,1284,2.27,4447,7.87,12284,21.73,22869,40.45,40884,72.31,15654,27.69
2025,21,Economics,57975,5160,8.9,7075,12.2,15232,26.27,15418,26.59,42885,73.97,15090,26.03
2025,22,Geography,44844,3998,8.92,5640,12.58,11134,24.83,12301,27.43,33073,73.75,11771,26.25
2025,23,Political Science,31742,3509,11.05,3299,10.39,6383,20.11,8751,27.57,21942,69.13,9800,30.87
2025,24,Logic & Scientific Method,5775,596,10.32,989,17.13,1678,29.06,1447,25.06,4710,81.56,1065,18.44
2025,251,History of India,7532,1029,13.66,939,12.47,1760,23.37,1827,24.26,5555,73.75,1977,26.25
2025,252,History of Europe,4645,574,12.36,667,14.36,1217,26.2,1169,25.17,3627,78.08,1018,21.92
2025,253,History of Modern World,118,6,5.08,7,5.93,18,15.25,19,16.1,50,42.37,68,57.63
2025,28,Home Economics,9952,741,7.45,2089,20.99,4051,40.71,2900,29.14,9781,98.28,171,1.72
2025,29,Communication & Media Studies,34637,2723,7.86,3260,9.41,7227,20.86,11354,32.78,24564,70.92,10073,29.08
2025,31,Business statistics,483,40,8.28,46,9.52,114,23.6,139,28.78,339,70.19,144,29.81
2025,88,Korean,1913,85,4.44,81,4.23,300,15.68,416,21.75,882,46.11,1031,53.89
2025,87,Japanese,4414,217,4.92,320,7.25,752,17.04,1690,38.29,2979,67.49,1435,32.51
2025,16,"Electrical, Electronic & Information Technology",31,0,0.0,3,9.68,1,3.23,8,25.81,12,38.71,19,61.29
2025,15,Mechanical Technology,10,0,0.0,0,0.0,0,0.0,5,50.0,5,50.0,5,50.0
2025,14,Civil Technology,23,0,0.0,0,0.0,2,8.7,8,34.78,10,43.48,13,56.52
2025,13,General English,237532,22672,9.54,15626,6.58,29718,12.51,71627,30.15,139643,58.79,97889,41.21
2025,11,Higher Mathematics,4,1,25.0,1,25.0,0,0.0,1,25.0,3,75.0,1,25.0
2025,10,Combined Mathematics,44915,3395,7.56,4223,9.4,10553,23.5,13012,28.97,31183,69.43,13732,30.57
2025,9,Biology,56969,3211,5.64,5099,8.95,13137,23.06,18301,32.12,39748,69.77,17221,30.23
2025,8,Agricultural Science,14300,526,3.68,1307,9.14,4213,29.46,4749,33.21,10795,75.49,3505,24.51
2025,7,Mathematics,460,19,4.13,34,7.39,100,21.74,152,33.04,305,66.3,155,33.7
2025,2,Chemistry,93844,7597,8.1,8523,9.08,21609,23.03,29663,31.61,67392,71.81,26452,28.19
2025,1,Physics,97760,5505,5.63,6726,6.88,19121,19.56,38384,39.26,69736,71.33,28024,28.67
